sku,name,price,sale-price,iso,
253298,Rosie Grey Accent Chair,$95.00 ,,Both,
253299,Rosie Seafoam Accent Chair,$95.00 ,,Both,
253300,Rosie Blush Accent Chair,$95.00 ,,Both,
253292,Amy Beige Accent Chair,$150.00 ,,Both,
253293,Amy Grey Accent Chair,$150.00 ,,Both,
253294,Amy Blue Accent Chair,$150.00 ,,Both,
247316,Angie Light Grey Sofa,$195.00 ,,Both,
253952,Jan Sand Sofa With Reversible Chaise,$395.00 ,,Online Only,
255709,Kerri Stone 2 Piece Sectional With Left Arm Facing Sofa Chaise,$795.00 ,,Online Only,
255710,Kerri Stone 2 Piece Sectional With Right Arm Facing Sofa Chaise,$795.00 ,,Online Only,
252440,Dillard Tumbleweed Recliner,$195.00 ,,Online Only,
252439,Dillard Ivory Recliner,$195.00 ,,Online Only,
252436,Rupert Pecan Recliner,$195.00 ,,Online Only,
252435,Rupert Graphite Recliner,$195.00 ,,Online Only,
254190,Prairie 5 Piece Dining Set,$195.00 ,,Both,
253916,Kodi 5 Piece Counter Set,$295.00 ,,Both,
251828,Matias Brown 6 Piece Dining Set,$495.00 ,,Both,
256053,Colleen Queen Upholstered Panel Bed,$95.00 ,,Online Only,
256052,Rosalie Queen Upholstered Platform Bed,$150.00 ,,Online Only,
255911,Lorra Upholstered Daybed With Trundle,$295.00 ,,Both,
244114,Finley Queen 4 Piece Bedroom Set,$495.00 ,,Both,
253987,63X90 Rug-Hurley Cotton/Grey,$49.00 ,,Online Only,
253988,63X90 Rug-Karshan Cotton/Aqua,$49.00 ,,Online Only,
253985,60X96 Rug-Birmingham Grey/Taupe,$49.00 ,,Online Only,
253986,60X96 Rug-Keva Forest,$49.00 ,,Online Only,
253984,60X96 Rug-Hilla White/Birch,$49.00 ,,Online Only,
223418,Arrowmask 2 Piece Sectional with Right Arm Facing Chaise,$595.00 ,,Both,
223426,Arrowmask 2 Piece Sectional with Left Arm Facing Chaise,$595.00 ,,Both,
248572,Bray Accent Chair,$250.00 ,,Both,
248573,Bray Loveseat,$470.00 ,,Both,
248579,Bray Queen Sofa Sleeper,$795.00 ,,Both,
248576,Bray Sofa,$495.00 ,,Both,
243396,Calvin Slate 3 Piece Sectional with Right Arm Facing Chaise,$895.00 ,,Both,
243398,Calvin Slate 3 Piece Sectional with Left Arm Facing Chaise,$895.00 ,,Both,
248557,Chappell 3 Piece Sectional With Left Arm Facing Loveseat,$995.00 ,,Both,
248558,Chappell 2 Piece Sectional With Left Arm Facing Loveseat,$850.00 ,,Both,
248562,Chappell 3 Piece Sectional with Right Arm Facing Loveseat,$995.00 ,,Both,
248563,Chappell 2 Piece Sectional With Right Arm Facing Loveseat,$850.00 ,,Both,
248543,Devonwood 3 Piece Sectional with Left Arm Facing Loveseat,$895.00 ,,Both,
248544,Devonwood 2 Piece Sectional with Left Arm Facing Loveseat,$750.00 ,,Both,
248548,Devonwood 3 Piece Sectional with Right Arm Facing Loveseat,$895.00 ,,Both,
248549,Devonwood 2 Piece Sectional with Right Arm Facing Loveseat,$750.00 ,,Both,
244090,Fenton 3 Piece Sectional With Left Arm Facing Cuddler,$995.00 ,,Both,
244092,Fenton 3 Piece Sectional With Left Arm Facing Cuddler,$995.00 ,,Both,
247020,Fenton 3 Piece Sectional With Left Facing Corner Chaise,$995.00 ,,Both,
247022,Fenton 3 Piece Sectional With Right Facing Corner Chaise,$995.00 ,,Both,
237956,Jacoby Denim Chaise,$280.00 ,,Both,
237957,Jacoby Denim Loveseat,$280.00 ,,Both,
237959,Jacoby Denim Full Sofa Sleeper,$495.00 ,,Both,
237963,Jacoby Denim Sofa,$295.00 ,,Both,
237968,Jacoby Gunmetal Chaise,$280.00 ,,Both,
237971,Jacoby Gunmetal Loveseat,$280.00 ,,Both,
237974,Jacoby Gunmetal Full Sofa Sleeper,$495.00 ,,Both,
237975,Jacoby Gunmetal Sofa,$295.00 ,,Both,
246091,Kinsley Chair,$320.00 ,,Both,
246092,Kinsley Loveseat,$380.00 ,,Both,
246090,Kinsley Ottoman,$195.00 ,,Both,
246100,Kinsley Queen Sofa Sleeper,$595.00 ,,Both,
246096,Kinsley Sofa,$395.00 ,,Both,
223362,Linday Park Ottoman,$195.00 ,,Both,
223364,Linday Park Chair,$295.00 ,,Both,
223366,Linday Park Accent Chair,$350.00 ,,Both,
223368,Linday Park Loveseat,$380.00 ,,Both,
223371,Linday Park Sofa,$395.00 ,,Both,
223375,Linday Park Queen Sofa Sleeper,$650.00 ,,Both,
244082,Tucker Accent Chair,$295.00 ,,Both,
244081,Tucker Chair,$295.00 ,,Both,
244085,Tucker Queen Sleeper With Reversible Chaise,$695.00 ,,Both,
244080,Tucker Sofa With Reversible Chaise,$495.00 ,,Both,
223272,Mcdade Ash Ottoman,$195.00 ,,Both,
223274,Mcdade Ash Chair,$250.00 ,,Both,
223277,Mcdade Ash Loveseat,$280.00 ,,Both,
223279,Mcdade Ash Sofa,$295.00 ,,Both,
223311,Mcdade Ash 2 Piece Sectional With Right Arm Facing Armless Chaise,$595.00 ,,Both,
223319,Mcdade Ash 2 Piece Sectional With Left Arm Facing Armless Chaise,$595.00 ,,Both,
223334,Mcdade Graphite 2 Piece Sectional With Right Arm Facing Armless Chaise,$595.00 ,,Both,
223336,Mcdade Graphite 2 Piece Sectional With Left Arm Facing Armless Chaise,$595.00 ,,Both,
223503,Turdur Accent Chair,$250.00 ,,Both,
223505,Turdur Loveseat,$320.00 ,,Both,
223508,Turdur Sofa,$350.00 ,,Both,
223511,Turdur Queen Sofa Sleeper,$595.00 ,,Both,
223458,Turdur 2 Piece Sectional With Right Arm Facing Loveseat,$720.00 ,,Both,
223462,Turdur 3 Piece Sectional With Right Arm Facing Loveseat,$895.00 ,,Both,
223470,Turdur 2 Piece Sectional With Left Arm Facing Loveseat,$720.00 ,,Both,
223474,Turdur 3 Piece Sectional With Left Arm Facing Loveseat,$895.00 ,,Both,
253754,Reid Gunmetal Chair,$250.00 ,,Both,
253767,Reid Gunmetal Loveseat,$320.00 ,,Both,
253763,Reid Gunmetal Ottoman,$150.00 ,,Both,
253765,Reid Gunmetal Sofa,$350.00 ,,Both,
253753,Reid Smoke Chair,$250.00 ,,Both,
253766,Reid Smoke Loveseat,$320.00 ,,Both,
253762,Reid Smoke Ottoman,$150.00 ,,Both,
253764,Reid Smoke Sofa,$350.00 ,,Both,
253178,Stark Swivel Chair,$195.00 ,,Both,
253180,Stark Sofa With Reversible Chaise,$395.00 ,,Both,
244478,Krista Grey Accent Chair,$175.00 ,,Both,
244479,Krista Blue Accent Chair,$175.00 ,,Both,
244480,Krista Green Accent Chair,$175.00 ,,Both,
244481,Krista Eggplant Accent Chair,$175.00 ,,Both,
244490,Kelsey Coral Accent Chair,$195.00 ,,Both,
244491,Kelsey Denim Blue Accent Chair,$195.00 ,,Both,
244492,Kelsey Light Grey Accent Chair,$195.00 ,,Both,
244483,Kendra Orange Accent Chair,$275.00 ,,Both,
244484,Kendra Grey Accent Chair,$275.00 ,,Both,
244485,Kendra Beige Accent Chair,$275.00 ,,Both,
244486,Katrina Blue Swivel Glider Chair,$295.00 ,,Both,
244487,Katrina Grey Swivel Glider Chair,$295.00 ,,Both,
244488,Katrina Beige Swivel Glider Chair,$295.00 ,,Both,
247307,Aaron Steel Blue Chair,$295.00 ,,Both,
247308,Aaron Charcoal Chair,$295.00 ,,Both,
247309,Aaron Steel Blue Loveseat,$450.00 ,,Both,
247310,Aaron Charcoal Loveseat,$450.00 ,,Both,
247311,Aaron Steel Blue Sofa,$495.00 ,,Both,
247312,Aaron Charcoal Sofa,$495.00 ,,Both,
247313,Aaron Steel Blue Ottoman,$195.00 ,,Both,
247314,Aaron Charcoal Ottoman,$195.00 ,,Both,
250748,Aquarius II Dark Grey 2 Pc Sectional With Right Arm Facing Chaise,$795.00 ,,Both,
250750,Aquarius II Light Grey 2 Pc Sectional With Right Arm Facing Chaise,$795.00 ,,Both,
250752,Aquarius II Dark Grey 2 Pc Sectional With Left Arm Facing Chaise,$795.00 ,,Both,
250754,Aquarius II Light Grey 2 Pc Sectional With Left Arm Facing Chaise,$795.00 ,,Both,
250746,Aquarius II Dark Grey Cocktail Ottoman,$195.00 ,,Both,
250747,Aquarius II Light Grey Cocktail Ottoman,$195.00 ,,Both,
250760,Aquarius II Light Grey Ottoman,$150.00 ,,Both,
250761,Aquarius II Light Grey Chair,$350.00 ,,Both,
250762,Aquarius II Light Grey Loveseat,$450.00 ,,Both,
250763,Aquarius II Light Grey Sofa,$495.00 ,,Both,
250764,Aquarius II Dark Grey Ottoman,$150.00 ,,Both,
250765,Aquarius II Dark Grey Chair,$350.00 ,,Both,
250766,Aquarius II Dark Grey Loveseat,$450.00 ,,Both,
250767,Aquarius II Dark Grey Sofa,$495.00 ,,Both,
246449,Ginger Buttercup Chair,$295.00 ,,Both,
246450,Ginger Buttercup Loveseat,$375.00 ,,Both,
246451,Ginger Buttercup Sofa,$395.00 ,,Both,
246452,Ginger Buttercup Ottoman,$150.00 ,,Both,
246453,Ginger Grey Loveseat,$375.00 ,,Both,
246454,Ginger Grey Sofa,$395.00 ,,Both,
246455,Ginger Grey Ottoman,$150.00 ,,Both,
246462,Ginger Grey Chair,$295.00 ,,Both,
225876,Lucy Grey Chair,$295.00 ,,Both,
225880,Lucy Grey Loveseat,$375.00 ,,Both,
225882,Lucy Grey Sofa,$395.00 ,,Both,
225887,Lucy Grey Ottoman,$150.00 ,,Both,
225892,Lucy Dark Grey Chair,$295.00 ,,Both,
225895,Lucy Dark Grey Loveseat,$375.00 ,,Both,
225899,Lucy Dark Grey Sofa,$395.00 ,,Both,
225902,Lucy Dark Grey Ottoman,$150.00 ,,Both,
225918,Lucy Grey 2 Piece Sectional with Right Arm Facing Chaise,$895.00 ,,Both,
225935,Lucy Grey 2 Piece Sectional With Left Arm Facing Chaise,$895.00 ,,Both,
225972,Lucy Dark Grey 2 Piece Sectional With Left Arm Facing Chaise,$895.00 ,,Both,
225956,Lucy Dark Grey 2 Piece Sectional W/Raf Chaise,$895.00 ,,Both,
225748,London Optical Chair,$295.00 ,,Both,
225750,London Optical Loveseat,$375.00 ,,Both,
225756,London Optical Sofa,$395.00 ,,Both,
225764,London Optical Ottoman,$150.00 ,,Both,
225768,London Dark Grey Chair,$295.00 ,,Both,
225770,London Dark Grey Loveseat,$375.00 ,,Both,
225776,London Dark Grey Sofa,$395.00 ,,Both,
225785,London Dark Grey Ottoman,$150.00 ,,Both,
225793,Allie Jade Chair,$295.00 ,,Both,
225795,Allie Jade Loveseat,$375.00 ,,Both,
225801,Allie Jade Sofa,$395.00 ,,Both,
225810,Allie Jade Ottoman,$150.00 ,,Both,
225813,Allie Dark Grey Chair,$295.00 ,,Both,
225815,Allie Dark Grey Loveseat,$375.00 ,,Both,
225820,Allie Dark Grey Sofa,$395.00 ,,Both,
225826,Allie Dark Grey Ottoman,$150.00 ,,Both,
255333,Allie Jade 2 Piece Sectional With Left Arm Facing Sofa,$795.00 ,,Both,
255334,Allie Dark Grey 2 Piece Sectional With Left Arm Facing Sofa,$795.00 ,,Both,
255335,Allie Jade 2 Piece Sectional With Right Arm Facing Sofa,$795.00 ,,Both,
255336,Allie Dark Grey 2 Piece Sectional With Right Arm Facing Sofa,$795.00 ,,Both,
251096,Amherst Cobblestone Ottoman,$195.00 ,,Both,
251085,Amherst Cobblestone Chair,$395.00 ,,Both,
251095,Amherst Cobblestone Loveseat,$475.00 ,,Both,
251094,Amherst Cobblestone Sofa,$495.00 ,,Both,
251097,Amherst Royal Ottoman,$195.00 ,,Both,
251076,Amherst Royal Chair,$395.00 ,,Both,
251078,Amherst Royal Loveseat,$475.00 ,,Both,
251077,Amherst Royal Sofa,$495.00 ,,Both,
251090,Amherst Cobblestone 2 Pc Sectional With Left Arm Facing Chaise,$995.00 ,,Both,
251086,Amherst Cobblestone 2 Pc Sectional With Right Arm Facing Chaise,$995.00 ,,Both,
251091,Amherst Royal 2 Pc Sectional With Left Arm Facing Chaise,$995.00 ,,Both,
251087,Amherst Royal 2 Pc Sectional With Right Arm Facing Chaise,$995.00 ,,Both,
251009,Fairfax Denim Velvet Chair,$350.00 ,,Both,
251010,Fairfax Steel Grey Velvet Chair,$350.00 ,,Both,
251011,Fairfax Denim Velvet Loveseat,$475.00 ,,Both,
251012,Fairfax Steel Grey Velvet Loveseat,$475.00 ,,Both,
251013,Fairfax Denim Velvet Sofa,$495.00 ,,Both,
251014,Fairfax Steel Grey Velvet Sofa,$495.00 ,,Both,
251015,Fairfax Denim Velvet Ottoman,$175.00 ,,Both,
251016,Fairfax Steel Grey Velvet Ottoman,$175.00 ,,Both,
250663,Sasha Light Grey Power Reclining Console Loveseat With Usb,$595.00 ,,Both,
250664,Sasha Light Grey Power Reclining Sofa With Usb,$595.00 ,,Both,
250665,Sasha Light Grey Power Recliner With Usb,$395.00 ,,Both,
217616,Malia Power Reclining Console Loveseat With Usb,$650.00 ,,Both,
217617,Malia Power Reclining Sofa With Usb,$695.00 ,,Both,
217619,Malia Power Recliner With Usb,$395.00 ,,Both,
233502,Davor Brown Power Reclining Loveseat With Console,$595.00 ,,Both,
233504,Davor Brown Power Reclining Sofa,$595.00 ,,Both,
233505,Davor Brown Power Recliner,$395.00 ,,Both,
253295,Ella Grey Accent Chair,$95.00 ,,Both,
253296,Ella Light Grey Accent Chair,$95.00 ,,Both,
253297,Ella Green Accent Chair,$95.00 ,,Both,
253301,Desi Light Grey Accent Chair,$125.00 ,,Both,
253302,Desi Blue Accent Chair,$125.00 ,,Both,
253303,Desi Earth Accent Chair,$125.00 ,,Both,
248623,Cassie Chest of Drawers,$220.00 ,,Both,
248621,Cassie Dresser,$250.00 ,,Both,
248620,Cassie Mirror,$55.00 ,,Both,
248622,Cassie Nightstand,$95.00 ,,Both,
248632,Cassie Queen Panel Bed,$195.00 ,,Both,
244100,Finley Chest Of Drawers,$170.00 ,,Both,
244098,Finley Dresser,$195.00 ,,Both,
244097,Finley Mirror,$40.00 ,,Both,
244099,Finley Nightstand,$90.00 ,,Both,
244103,Finley California King Panel Bed,$250.00 ,,Both,
244111,Finley Eastern King Panel Bed,$250.00 ,,Both,
244107,Finley Full Panel Bed,$150.00 ,,Both,
244115,Finley Queen Panel Bed,$170.00 ,,Both,
244118,Finley Twin Panel Bed,$130.00 ,,Both,
203247,Rylee California King Upholstered Panel Bed,$295.00 ,,Both,
203249,Rylee Eastern King Upholstered Panel Bed,$295.00 ,,Both,
203251,Rylee Queen Upholstered Panel Bed,$250.00 ,,Both,
210747,Kenneth Queen Upholstered Panel Bed,$350.00 ,,Both,
210751,Kenneth Eastern King Upholstered Panel Bed,$395.00 ,,Both,
210753,Kenneth California King Upholstered Panel Bed,$395.00 ,,Both,
102797,Kate Dove Full Upholstered Bed,$395.00 ,,Both,
102799,Kate Dove Twin Upholstered Bed,$350.00 ,,Both,
102212,Dean Sand Queen Upholstered Panel Bed,$350.00 ,,Both,
102221,Dean Charcoal Queen Upholstered Panel Bed,$350.00 ,,Both,
102768,Dean Charcoal Full Upholstered Panel Bed,$295.00 ,,Both,
102769,Dean Charcoal Twin Upholstered Panel Bed,$280.00 ,,Both,
102774,Dean Sand Full Upholstered Panel Bed,$295.00 ,,Both,
102775,Dean Sand Twin Upholstered Panel Bed,$280.00 ,,Both,
102863,Knox Queen Metal Panel Bed,$350.00 ,,Both,
217758,Emmerson Upholstered Twin Daybed With Trundle,$450.00 ,,Both,
216491,Chad Grey Dresser,$295.00 ,,Both,
216492,Chad Grey Mirror,$40.00 ,,Both,
216494,Chad Grey Nightstand,$95.00 ,,Both,
216496,Chad Grey Chest Of Drawers,$280.00 ,,Both,
216511,Chad Grey Full Panel Bed,$180.00 ,,Both,
216539,Chad Grey Twin Panel Bed,$170.00 ,,Both,
216543,Chad Grey California King Panel Bed,$295.00 ,,Both,
216546,Chad Grey Eastern King Panel Bed,$295.00 ,,Both,
243300,Laurent 60 Inch Tv Stand,$795.00 ,$430.00 ,Both,
241106,Casey Umber 66 Inch Tv Stand,$550.00 ,$350.00 ,Both,
223596,Piper Kids Activity Chair,$60.00 ,$25.00 ,Both,
240956,Chase Sable Power Recliner W/Power Headrest & Usb,$595.00 ,$395.00 ,Both,
232265,Deanne Mirror,$195.00 ,$20.00 ,Both,
244924,61X84 Outdoor Rug-Yellow And Green Large Ikat,$95.00 ,$49.00 ,Both,
244927,61X84 Outdoor Rug-Grey And Yellow Ikat,$95.00 ,$49.00 ,Both,
227560,Pendant-Eden Bell Shaped,$69.00 ,$15.00 ,Both,
